{
    "r2_score": 0.6137068886499533,
    "adjusted_r2": 0.613538365237343,
    "mae": 51820.748150262116,
    "mse": 5062019613.457128,
    "rmse": 71147.87146118376
}